start,end,val,accn,fy,fp,form,filed,frame,Tag,Units,Ticker,CIK
2007-07-01,2008-06-30,0.44,0001193125-10-171791,2010,FY,10-K,2010-07-30,CY2008,CommonStockDividendsPerShareDeclared,USD/shares,MSFT,0000789019
2008-07-01,2008-09-30,0.13,0001193125-09-212454,2010,Q1,10-Q,2009-10-23,,CommonStockDividendsPerShareDeclared,USD/shares,MSFT,0000789019
2008-07-01,2008-09-30,0.13,0001193125-10-171791,2010,FY,10-K,2010-07-30,CY2008Q3,CommonStockDividendsPerShareDeclared,USD/shares,MSFT,0000789019
2008-07-01,2008-12-31,0.26,0001193125-10-015598,2010,Q2,10-Q,2010-01-28,,CommonStockDividendsPerShareDeclared,USD/shares,MSFT,0000789019
2008-10-01,2008-12-31,0.13,0001193125-10-015598,2010,Q2,10-Q,2010-01-28,,CommonStockDividendsPerShareDeclared,USD/shares,MSFT,0000789019
2008-10-01,2008-12-31,0.13,0001193125-10-171791,2010,FY,10-K,2010-07-30,CY2008Q4,CommonStockDividendsPerShareDeclared,USD/shares,MSFT,0000789019
2008-07-01,2009-03-31,0.39,0001193125-10-090116,2010,Q3,10-Q,2010-04-22,,CommonStockDividendsPerShareDeclared,USD/shares,MSFT,0000789019
2009-01-01,2009-03-31,0.13,0001193125-10-090116,2010,Q3,10-Q,2010-04-22,,CommonStockDividendsPerShareDeclared,USD/shares,MSFT,0000789019
2009-01-01,2009-03-31,0.13,0001193125-10-171791,2010,FY,10-K,2010-07-30,CY2009Q1,CommonStockDividendsPerShareDeclared,USD/shares,MSFT,0000789019
2008-07-01,2009-06-30,0.52,0001193125-10-171791,2010,FY,10-K,2010-07-30,,CommonStockDividendsPerShareDeclared,USD/shares,MSFT,0000789019
2008-07-01,2009-06-30,0.52,0001193125-11-200680,2011,FY,10-K,2011-07-28,CY2009,CommonStockDividendsPerShareDeclared,USD/shares,MSFT,0000789019
2009-04-01,2009-06-30,0.13,0001193125-10-171791,2010,FY,10-K,2010-07-30,CY2009Q2,CommonStockDividendsPerShareDeclared,USD/shares,MSFT,0000789019
2009-07-01,2009-09-30,0.13,0001193125-09-212454,2010,Q1,10-Q,2009-10-23,,CommonStockDividendsPerShareDeclared,USD/shares,MSFT,0000789019
2009-07-01,2009-09-30,0.13,0001193125-10-171791,2010,FY,10-K,2010-07-30,,CommonStockDividendsPerShareDeclared,USD/shares,MSFT,0000789019
2009-07-01,2009-09-30,0.13,0001193125-10-239825,2011,Q1,10-Q,2010-10-28,,CommonStockDividendsPerShareDeclared,USD/shares,MSFT,0000789019
2009-07-01,2009-09-30,0.13,0001193125-11-015947,2011,Q2,10-Q,2011-01-27,,CommonStockDividendsPerShareDeclared,USD/shares,MSFT,0000789019
2009-07-01,2009-09-30,0.13,0001193125-11-115186,2011,Q3,10-Q,2011-04-28,,CommonStockDividendsPerShareDeclared,USD/shares,MSFT,0000789019
2009-07-01,2009-09-30,0.13,0001193125-11-200680,2011,FY,10-K,2011-07-28,CY2009Q3,CommonStockDividendsPerShareDeclared,USD/shares,MSFT,0000789019
2009-07-01,2009-12-31,0.26,0001193125-10-015598,2010,Q2,10-Q,2010-01-28,,CommonStockDividendsPerShareDeclared,USD/shares,MSFT,0000789019
2009-07-01,2009-12-31,0.26,0001193125-11-015947,2011,Q2,10-Q,2011-01-27,,CommonStockDividendsPerShareDeclared,USD/shares,MSFT,0000789019
2009-10-01,2009-12-31,0.13,0001193125-10-015598,2010,Q2,10-Q,2010-01-28,,CommonStockDividendsPerShareDeclared,USD/shares,MSFT,0000789019
2009-10-01,2009-12-31,0.13,0001193125-10-171791,2010,FY,10-K,2010-07-30,,CommonStockDividendsPerShareDeclared,USD/shares,MSFT,0000789019
2009-10-01,2009-12-31,0.13,0001193125-11-015947,2011,Q2,10-Q,2011-01-27,,CommonStockDividendsPerShareDeclared,USD/shares,MSFT,0000789019
2009-10-01,2009-12-31,0.13,0001193125-11-115186,2011,Q3,10-Q,2011-04-28,,CommonStockDividendsPerShareDeclared,USD/shares,MSFT,0000789019
2009-10-01,2009-12-31,0.13,0001193125-11-200680,2011,FY,10-K,2011-07-28,CY2009Q4,CommonStockDividendsPerShareDeclared,USD/shares,MSFT,0000789019
2009-07-01,2010-03-31,0.39,0001193125-10-090116,2010,Q3,10-Q,2010-04-22,,CommonStockDividendsPerShareDeclared,USD/shares,MSFT,0000789019
2009-07-01,2010-03-31,0.39,0001193125-11-115186,2011,Q3,10-Q,2011-04-28,,CommonStockDividendsPerShareDeclared,USD/shares,MSFT,0000789019
2010-01-01,2010-03-31,0.13,0001193125-10-090116,2010,Q3,10-Q,2010-04-22,,CommonStockDividendsPerShareDeclared,USD/shares,MSFT,0000789019
2010-01-01,2010-03-31,0.13,0001193125-10-171791,2010,FY,10-K,2010-07-30,,CommonStockDividendsPerShareDeclared,USD/shares,MSFT,0000789019
2010-01-01,2010-03-31,0.13,0001193125-11-115186,2011,Q3,10-Q,2011-04-28,,CommonStockDividendsPerShareDeclared,USD/shares,MSFT,0000789019
2010-01-01,2010-03-31,0.13,0001193125-11-200680,2011,FY,10-K,2011-07-28,CY2010Q1,CommonStockDividendsPerShareDeclared,USD/shares,MSFT,0000789019
2009-07-01,2010-06-30,0.52,0001193125-10-171791,2010,FY,10-K,2010-07-30,,CommonStockDividendsPerShareDeclared,USD/shares,MSFT,0000789019
2009-07-01,2010-06-30,0.52,0001193125-11-200680,2011,FY,10-K,2011-07-28,,CommonStockDividendsPerShareDeclared,USD/shares,MSFT,0000789019
2009-07-01,2010-06-30,0.52,0001193125-12-316848,2012,FY,10-K,2012-07-26,CY2010,CommonStockDividendsPerShareDeclared,USD/shares,MSFT,0000789019
2010-04-01,2010-06-30,0.13,0001193125-10-171791,2010,FY,10-K,2010-07-30,,CommonStockDividendsPerShareDeclared,USD/shares,MSFT,0000789019
2010-04-01,2010-06-30,0.13,0001193125-11-200680,2011,FY,10-K,2011-07-28,CY2010Q2,CommonStockDividendsPerShareDeclared,USD/shares,MSFT,0000789019
2010-07-01,2010-09-30,0.16,0001193125-10-239825,2011,Q1,10-Q,2010-10-28,,CommonStockDividendsPerShareDeclared,USD/shares,MSFT,0000789019
2010-07-01,2010-09-30,0.16,0001193125-11-015947,2011,Q2,10-Q,2011-01-27,,CommonStockDividendsPerShareDeclared,USD/shares,MSFT,0000789019
2010-07-01,2010-09-30,0.16,0001193125-11-115186,2011,Q3,10-Q,2011-04-28,,CommonStockDividendsPerShareDeclared,USD/shares,MSFT,0000789019
2010-07-01,2010-09-30,0.16,0001193125-11-200680,2011,FY,10-K,2011-07-28,,CommonStockDividendsPerShareDeclared,USD/shares,MSFT,0000789019
2010-07-01,2010-09-30,0.16,0001193125-11-276022,2012,Q1,10-Q,2011-10-20,,CommonStockDividendsPerShareDeclared,USD/shares,MSFT,0000789019
2010-07-01,2010-09-30,0.16,0001193125-12-026864,2012,Q2,10-Q/A,2012-01-27,,CommonStockDividendsPerShareDeclared,USD/shares,MSFT,0000789019
2010-07-01,2010-09-30,0.16,0001193125-12-170665,2012,Q3,10-Q,2012-04-19,,CommonStockDividendsPerShareDeclared,USD/shares,MSFT,0000789019
2010-07-01,2010-09-30,0.16,0001193125-12-316848,2012,FY,10-K,2012-07-26,CY2010Q3,CommonStockDividendsPerShareDeclared,USD/shares,MSFT,0000789019
2010-07-01,2010-12-31,0.32,0001193125-11-015947,2011,Q2,10-Q,2011-01-27,,CommonStockDividendsPerShareDeclared,USD/shares,MSFT,0000789019
2010-07-01,2010-12-31,0.32,0001193125-12-026864,2012,Q2,10-Q/A,2012-01-27,,CommonStockDividendsPerShareDeclared,USD/shares,MSFT,0000789019
2010-10-01,2010-12-31,0.16,0001193125-11-015947,2011,Q2,10-Q,2011-01-27,,CommonStockDividendsPerShareDeclared,USD/shares,MSFT,0000789019
2010-10-01,2010-12-31,0.16,0001193125-11-115186,2011,Q3,10-Q,2011-04-28,,CommonStockDividendsPerShareDeclared,USD/shares,MSFT,0000789019
2010-10-01,2010-12-31,0.16,0001193125-11-200680,2011,FY,10-K,2011-07-28,,CommonStockDividendsPerShareDeclared,USD/shares,MSFT,0000789019
2010-10-01,2010-12-31,0.16,0001193125-12-026864,2012,Q2,10-Q/A,2012-01-27,,CommonStockDividendsPerShareDeclared,USD/shares,MSFT,0000789019
2010-10-01,2010-12-31,0.16,0001193125-12-170665,2012,Q3,10-Q,2012-04-19,,CommonStockDividendsPerShareDeclared,USD/shares,MSFT,0000789019
2010-10-01,2010-12-31,0.16,0001193125-12-316848,2012,FY,10-K,2012-07-26,CY2010Q4,CommonStockDividendsPerShareDeclared,USD/shares,MSFT,0000789019
2010-07-01,2011-03-31,0.48,0001193125-11-115186,2011,Q3,10-Q,2011-04-28,,CommonStockDividendsPerShareDeclared,USD/shares,MSFT,0000789019
2010-07-01,2011-03-31,0.48,0001193125-12-170665,2012,Q3,10-Q,2012-04-19,,CommonStockDividendsPerShareDeclared,USD/shares,MSFT,0000789019
2011-01-01,2011-03-31,0.16,0001193125-11-115186,2011,Q3,10-Q,2011-04-28,,CommonStockDividendsPerShareDeclared,USD/shares,MSFT,0000789019
2011-01-01,2011-03-31,0.16,0001193125-11-200680,2011,FY,10-K,2011-07-28,,CommonStockDividendsPerShareDeclared,USD/shares,MSFT,0000789019
2011-01-01,2011-03-31,0.16,0001193125-12-170665,2012,Q3,10-Q,2012-04-19,,CommonStockDividendsPerShareDeclared,USD/shares,MSFT,0000789019
2011-01-01,2011-03-31,0.16,0001193125-12-316848,2012,FY,10-K,2012-07-26,CY2011Q1,CommonStockDividendsPerShareDeclared,USD/shares,MSFT,0000789019
2010-07-01,2011-06-30,0.64,0001193125-11-200680,2011,FY,10-K,2011-07-28,,CommonStockDividendsPerShareDeclared,USD/shares,MSFT,0000789019
2010-07-01,2011-06-30,0.64,0001193125-12-316848,2012,FY,10-K,2012-07-26,,CommonStockDividendsPerShareDeclared,USD/shares,MSFT,0000789019
2010-07-01,2011-06-30,0.64,0001193125-13-310206,2013,FY,10-K,2013-07-30,,CommonStockDividendsPerShareDeclared,USD/shares,MSFT,0000789019
2010-07-01,2011-06-30,0.64,0001193125-13-455144,2013,FY,8-K,2013-11-26,CY2011,CommonStockDividendsPerShareDeclared,USD/shares,MSFT,0000789019
2011-04-01,2011-06-30,0.16,0001193125-11-200680,2011,FY,10-K,2011-07-28,,CommonStockDividendsPerShareDeclared,USD/shares,MSFT,0000789019
2011-04-01,2011-06-30,0.16,0001193125-12-316848,2012,FY,10-K,2012-07-26,CY2011Q2,CommonStockDividendsPerShareDeclared,USD/shares,MSFT,0000789019
2011-07-01,2011-09-30,0.2,0001193125-11-276022,2012,Q1,10-Q,2011-10-20,,CommonStockDividendsPerShareDeclared,USD/shares,MSFT,0000789019
2011-07-01,2011-09-30,0.2,0001193125-12-026864,2012,Q2,10-Q/A,2012-01-27,,CommonStockDividendsPerShareDeclared,USD/shares,MSFT,0000789019
2011-07-01,2011-09-30,0.2,0001193125-12-170665,2012,Q3,10-Q,2012-04-19,,CommonStockDividendsPerShareDeclared,USD/shares,MSFT,0000789019
2011-07-01,2011-09-30,0.2,0001193125-12-316848,2012,FY,10-K,2012-07-26,,CommonStockDividendsPerShareDeclared,USD/shares,MSFT,0000789019
2011-07-01,2011-09-30,0.2,0001193125-12-427209,2013,Q1,10-Q,2012-10-18,,CommonStockDividendsPerShareDeclared,USD/shares,MSFT,0000789019
2011-07-01,2011-09-30,0.2,0001193125-13-022207,2013,Q2,10-Q,2013-01-24,,CommonStockDividendsPerShareDeclared,USD/shares,MSFT,0000789019
2011-07-01,2011-09-30,0.2,0001193125-13-160748,2013,Q3,10-Q,2013-04-18,,CommonStockDividendsPerShareDeclared,USD/shares,MSFT,0000789019
2011-07-01,2011-09-30,0.2,0001193125-13-310206,2013,FY,10-K,2013-07-30,,CommonStockDividendsPerShareDeclared,USD/shares,MSFT,0000789019
2011-07-01,2011-09-30,0.2,0001193125-13-455144,2013,FY,8-K,2013-11-26,CY2011Q3,CommonStockDividendsPerShareDeclared,USD/shares,MSFT,0000789019
2011-07-01,2011-12-31,0.4,0001193125-12-026864,2012,Q2,10-Q/A,2012-01-27,,CommonStockDividendsPerShareDeclared,USD/shares,MSFT,0000789019
2011-07-01,2011-12-31,0.4,0001193125-13-022207,2013,Q2,10-Q,2013-01-24,,CommonStockDividendsPerShareDeclared,USD/shares,MSFT,0000789019
2011-10-01,2011-12-31,0.2,0001193125-12-026864,2012,Q2,10-Q/A,2012-01-27,,CommonStockDividendsPerShareDeclared,USD/shares,MSFT,0000789019
2011-10-01,2011-12-31,0.2,0001193125-12-170665,2012,Q3,10-Q,2012-04-19,,CommonStockDividendsPerShareDeclared,USD/shares,MSFT,0000789019
2011-10-01,2011-12-31,0.2,0001193125-12-316848,2012,FY,10-K,2012-07-26,,CommonStockDividendsPerShareDeclared,USD/shares,MSFT,0000789019
2011-10-01,2011-12-31,0.2,0001193125-13-022207,2013,Q2,10-Q,2013-01-24,,CommonStockDividendsPerShareDeclared,USD/shares,MSFT,0000789019
2011-10-01,2011-12-31,0.2,0001193125-13-160748,2013,Q3,10-Q,2013-04-18,,CommonStockDividendsPerShareDeclared,USD/shares,MSFT,0000789019
2011-10-01,2011-12-31,0.2,0001193125-13-310206,2013,FY,10-K,2013-07-30,,CommonStockDividendsPerShareDeclared,USD/shares,MSFT,0000789019
2011-10-01,2011-12-31,0.2,0001193125-13-455144,2013,FY,8-K,2013-11-26,CY2011Q4,CommonStockDividendsPerShareDeclared,USD/shares,MSFT,0000789019
2011-07-01,2012-03-31,0.6,0001193125-12-170665,2012,Q3,10-Q,2012-04-19,,CommonStockDividendsPerShareDeclared,USD/shares,MSFT,0000789019
2011-07-01,2012-03-31,0.6,0001193125-13-160748,2013,Q3,10-Q,2013-04-18,,CommonStockDividendsPerShareDeclared,USD/shares,MSFT,0000789019
2012-01-01,2012-03-31,0.2,0001193125-12-170665,2012,Q3,10-Q,2012-04-19,,CommonStockDividendsPerShareDeclared,USD/shares,MSFT,0000789019
2012-01-01,2012-03-31,0.2,0001193125-12-316848,2012,FY,10-K,2012-07-26,,CommonStockDividendsPerShareDeclared,USD/shares,MSFT,0000789019
2012-01-01,2012-03-31,0.2,0001193125-13-160748,2013,Q3,10-Q,2013-04-18,,CommonStockDividendsPerShareDeclared,USD/shares,MSFT,0000789019
2012-01-01,2012-03-31,0.2,0001193125-13-310206,2013,FY,10-K,2013-07-30,,CommonStockDividendsPerShareDeclared,USD/shares,MSFT,0000789019
2012-01-01,2012-03-31,0.2,0001193125-13-455144,2013,FY,8-K,2013-11-26,CY2012Q1,CommonStockDividendsPerShareDeclared,USD/shares,MSFT,0000789019
2011-07-01,2012-06-30,0.8,0001193125-12-316848,2012,FY,10-K,2012-07-26,,CommonStockDividendsPerShareDeclared,USD/shares,MSFT,0000789019
2011-07-01,2012-06-30,0.8,0001193125-13-310206,2013,FY,10-K,2013-07-30,,CommonStockDividendsPerShareDeclared,USD/shares,MSFT,0000789019
2011-07-01,2012-06-30,0.8,0001193125-13-455144,2013,FY,8-K,2013-11-26,,CommonStockDividendsPerShareDeclared,USD/shares,MSFT,0000789019
2011-07-01,2012-06-30,0.8,0001193125-14-289961,2014,FY,10-K,2014-07-31,CY2012,CommonStockDividendsPerShareDeclared,USD/shares,MSFT,0000789019
2012-04-01,2012-06-30,0.2,0001193125-12-316848,2012,FY,10-K,2012-07-26,,CommonStockDividendsPerShareDeclared,USD/shares,MSFT,0000789019
2012-04-01,2012-06-30,0.2,0001193125-13-310206,2013,FY,10-K,2013-07-30,,CommonStockDividendsPerShareDeclared,USD/shares,MSFT,0000789019
2012-04-01,2012-06-30,0.2,0001193125-13-455144,2013,FY,8-K,2013-11-26,CY2012Q2,CommonStockDividendsPerShareDeclared,USD/shares,MSFT,0000789019
2012-07-01,2012-09-30,0.23,0001193125-12-427209,2013,Q1,10-Q,2012-10-18,,CommonStockDividendsPerShareDeclared,USD/shares,MSFT,0000789019
2012-07-01,2012-09-30,0.23,0001193125-13-022207,2013,Q2,10-Q,2013-01-24,,CommonStockDividendsPerShareDeclared,USD/shares,MSFT,0000789019
2012-07-01,2012-09-30,0.23,0001193125-13-160748,2013,Q3,10-Q,2013-04-18,,CommonStockDividendsPerShareDeclared,USD/shares,MSFT,0000789019
2012-07-01,2012-09-30,0.23,0001193125-13-310206,2013,FY,10-K,2013-07-30,,CommonStockDividendsPerShareDeclared,USD/shares,MSFT,0000789019
2012-07-01,2012-09-30,0.23,0001193125-13-409855,2014,Q1,10-Q,2013-10-24,,CommonStockDividendsPerShareDeclared,USD/shares,MSFT,0000789019
2012-07-01,2012-09-30,0.23,0001193125-13-455144,2013,FY,8-K,2013-11-26,,CommonStockDividendsPerShareDeclared,USD/shares,MSFT,0000789019
2012-07-01,2012-09-30,0.23,0001193125-14-018634,2014,Q2,10-Q,2014-01-23,,CommonStockDividendsPerShareDeclared,USD/shares,MSFT,0000789019
2012-07-01,2012-09-30,0.23,0001193125-14-157088,2014,Q3,10-Q,2014-04-24,,CommonStockDividendsPerShareDeclared,USD/shares,MSFT,0000789019
2012-07-01,2012-09-30,0.23,0001193125-14-289961,2014,FY,10-K,2014-07-31,CY2012Q3,CommonStockDividendsPerShareDeclared,USD/shares,MSFT,0000789019
2012-07-01,2012-12-31,0.46,0001193125-13-022207,2013,Q2,10-Q,2013-01-24,,CommonStockDividendsPerShareDeclared,USD/shares,MSFT,0000789019
2012-07-01,2012-12-31,0.46,0001193125-14-018634,2014,Q2,10-Q,2014-01-23,,CommonStockDividendsPerShareDeclared,USD/shares,MSFT,0000789019
2012-10-01,2012-12-31,0.23,0001193125-13-022207,2013,Q2,10-Q,2013-01-24,,CommonStockDividendsPerShareDeclared,USD/shares,MSFT,0000789019
2012-10-01,2012-12-31,0.23,0001193125-13-160748,2013,Q3,10-Q,2013-04-18,,CommonStockDividendsPerShareDeclared,USD/shares,MSFT,0000789019
2012-10-01,2012-12-31,0.23,0001193125-13-310206,2013,FY,10-K,2013-07-30,,CommonStockDividendsPerShareDeclared,USD/shares,MSFT,0000789019
2012-10-01,2012-12-31,0.23,0001193125-13-455144,2013,FY,8-K,2013-11-26,,CommonStockDividendsPerShareDeclared,USD/shares,MSFT,0000789019
2012-10-01,2012-12-31,0.23,0001193125-14-018634,2014,Q2,10-Q,2014-01-23,,CommonStockDividendsPerShareDeclared,USD/shares,MSFT,0000789019
2012-10-01,2012-12-31,0.23,0001193125-14-157088,2014,Q3,10-Q,2014-04-24,,CommonStockDividendsPerShareDeclared,USD/shares,MSFT,0000789019
2012-10-01,2012-12-31,0.23,0001193125-14-289961,2014,FY,10-K,2014-07-31,CY2012Q4,CommonStockDividendsPerShareDeclared,USD/shares,MSFT,0000789019
2012-07-01,2013-03-31,0.69,0001193125-13-160748,2013,Q3,10-Q,2013-04-18,,CommonStockDividendsPerShareDeclared,USD/shares,MSFT,0000789019
2012-07-01,2013-03-31,0.69,0001193125-14-157088,2014,Q3,10-Q,2014-04-24,,CommonStockDividendsPerShareDeclared,USD/shares,MSFT,0000789019
2013-01-01,2013-03-31,0.23,0001193125-13-160748,2013,Q3,10-Q,2013-04-18,,CommonStockDividendsPerShareDeclared,USD/shares,MSFT,0000789019
2013-01-01,2013-03-31,0.23,0001193125-13-310206,2013,FY,10-K,2013-07-30,,CommonStockDividendsPerShareDeclared,USD/shares,MSFT,0000789019
2013-01-01,2013-03-31,0.23,0001193125-13-455144,2013,FY,8-K,2013-11-26,,CommonStockDividendsPerShareDeclared,USD/shares,MSFT,0000789019
2013-01-01,2013-03-31,0.23,0001193125-14-157088,2014,Q3,10-Q,2014-04-24,,CommonStockDividendsPerShareDeclared,USD/shares,MSFT,0000789019
2013-01-01,2013-03-31,0.23,0001193125-14-289961,2014,FY,10-K,2014-07-31,CY2013Q1,CommonStockDividendsPerShareDeclared,USD/shares,MSFT,0000789019
2012-07-01,2013-06-30,0.92,0001193125-13-310206,2013,FY,10-K,2013-07-30,,CommonStockDividendsPerShareDeclared,USD/shares,MSFT,0000789019
2012-07-01,2013-06-30,0.92,0001193125-13-455144,2013,FY,8-K,2013-11-26,,CommonStockDividendsPerShareDeclared,USD/shares,MSFT,0000789019
2012-07-01,2013-06-30,0.92,0001193125-14-289961,2014,FY,10-K,2014-07-31,,CommonStockDividendsPerShareDeclared,USD/shares,MSFT,0000789019
2012-07-01,2013-06-30,0.92,0001193125-15-272806,2015,FY,10-K,2015-07-31,,CommonStockDividendsPerShareDeclared,USD/shares,MSFT,0000789019
2012-07-01,2013-06-30,0.92,0001193125-15-353706,2015,FY,8-K,2015-10-27,CY2013,CommonStockDividendsPerShareDeclared,USD/shares,MSFT,0000789019
2013-04-01,2013-06-30,0.23,0001193125-13-310206,2013,FY,10-K,2013-07-30,,CommonStockDividendsPerShareDeclared,USD/shares,MSFT,0000789019
2013-04-01,2013-06-30,0.23,0001193125-13-455144,2013,FY,8-K,2013-11-26,,CommonStockDividendsPerShareDeclared,USD/shares,MSFT,0000789019
2013-04-01,2013-06-30,0.23,0001193125-14-289961,2014,FY,10-K,2014-07-31,CY2013Q2,CommonStockDividendsPerShareDeclared,USD/shares,MSFT,0000789019
2013-07-01,2013-09-30,0.28,0001193125-13-409855,2014,Q1,10-Q,2013-10-24,,CommonStockDividendsPerShareDeclared,USD/shares,MSFT,0000789019
2013-07-01,2013-09-30,0.28,0001193125-14-018634,2014,Q2,10-Q,2014-01-23,,CommonStockDividendsPerShareDeclared,USD/shares,MSFT,0000789019
2013-07-01,2013-09-30,0.28,0001193125-14-157088,2014,Q3,10-Q,2014-04-24,,CommonStockDividendsPerShareDeclared,USD/shares,MSFT,0000789019
2013-07-01,2013-09-30,0.28,0001193125-14-289961,2014,FY,10-K,2014-07-31,,CommonStockDividendsPerShareDeclared,USD/shares,MSFT,0000789019
2013-07-01,2013-09-30,0.28,0001193125-14-380252,2015,Q1,10-Q,2014-10-23,,CommonStockDividendsPerShareDeclared,USD/shares,MSFT,0000789019
2013-07-01,2013-09-30,0.28,0001193125-15-020351,2015,Q2,10-Q,2015-01-26,,CommonStockDividendsPerShareDeclared,USD/shares,MSFT,0000789019
2013-07-01,2013-09-30,0.28,0001193125-15-144151,2015,Q3,10-Q,2015-04-23,,CommonStockDividendsPerShareDeclared,USD/shares,MSFT,0000789019
2013-07-01,2013-09-30,0.28,0001193125-15-272806,2015,FY,10-K,2015-07-31,,CommonStockDividendsPerShareDeclared,USD/shares,MSFT,0000789019
2013-07-01,2013-09-30,0.28,0001193125-15-353706,2015,FY,8-K,2015-10-27,CY2013Q3,CommonStockDividendsPerShareDeclared,USD/shares,MSFT,0000789019
2013-07-01,2013-12-31,0.56,0001193125-14-018634,2014,Q2,10-Q,2014-01-23,,CommonStockDividendsPerShareDeclared,USD/shares,MSFT,0000789019
2013-07-01,2013-12-31,0.56,0001193125-15-020351,2015,Q2,10-Q,2015-01-26,,CommonStockDividendsPerShareDeclared,USD/shares,MSFT,0000789019
2013-10-01,2013-12-31,0.28,0001193125-14-018634,2014,Q2,10-Q,2014-01-23,,CommonStockDividendsPerShareDeclared,USD/shares,MSFT,0000789019
2013-10-01,2013-12-31,0.28,0001193125-14-157088,2014,Q3,10-Q,2014-04-24,,CommonStockDividendsPerShareDeclared,USD/shares,MSFT,0000789019
2013-10-01,2013-12-31,0.28,0001193125-14-289961,2014,FY,10-K,2014-07-31,,CommonStockDividendsPerShareDeclared,USD/shares,MSFT,0000789019
2013-10-01,2013-12-31,0.28,0001193125-15-020351,2015,Q2,10-Q,2015-01-26,,CommonStockDividendsPerShareDeclared,USD/shares,MSFT,0000789019
2013-10-01,2013-12-31,0.28,0001193125-15-144151,2015,Q3,10-Q,2015-04-23,,CommonStockDividendsPerShareDeclared,USD/shares,MSFT,0000789019
2013-10-01,2013-12-31,0.28,0001193125-15-272806,2015,FY,10-K,2015-07-31,,CommonStockDividendsPerShareDeclared,USD/shares,MSFT,0000789019
2013-10-01,2013-12-31,0.28,0001193125-15-353706,2015,FY,8-K,2015-10-27,CY2013Q4,CommonStockDividendsPerShareDeclared,USD/shares,MSFT,0000789019
2013-07-01,2014-03-31,0.84,0001193125-14-157088,2014,Q3,10-Q,2014-04-24,,CommonStockDividendsPerShareDeclared,USD/shares,MSFT,0000789019
2013-07-01,2014-03-31,0.84,0001193125-15-144151,2015,Q3,10-Q,2015-04-23,,CommonStockDividendsPerShareDeclared,USD/shares,MSFT,0000789019
2014-01-01,2014-03-31,0.28,0001193125-14-157088,2014,Q3,10-Q,2014-04-24,,CommonStockDividendsPerShareDeclared,USD/shares,MSFT,0000789019
2014-01-01,2014-03-31,0.28,0001193125-14-289961,2014,FY,10-K,2014-07-31,,CommonStockDividendsPerShareDeclared,USD/shares,MSFT,0000789019
2014-01-01,2014-03-31,0.28,0001193125-15-144151,2015,Q3,10-Q,2015-04-23,,CommonStockDividendsPerShareDeclared,USD/shares,MSFT,0000789019
2014-01-01,2014-03-31,0.28,0001193125-15-272806,2015,FY,10-K,2015-07-31,,CommonStockDividendsPerShareDeclared,USD/shares,MSFT,0000789019
2014-01-01,2014-03-31,0.28,0001193125-15-353706,2015,FY,8-K,2015-10-27,CY2014Q1,CommonStockDividendsPerShareDeclared,USD/shares,MSFT,0000789019
2013-07-01,2014-06-30,1.12,0001193125-14-289961,2014,FY,10-K,2014-07-31,,CommonStockDividendsPerShareDeclared,USD/shares,MSFT,0000789019
2013-07-01,2014-06-30,1.12,0001193125-15-272806,2015,FY,10-K,2015-07-31,,CommonStockDividendsPerShareDeclared,USD/shares,MSFT,0000789019
2013-07-01,2014-06-30,1.12,0001193125-15-353706,2015,FY,8-K,2015-10-27,,CommonStockDividendsPerShareDeclared,USD/shares,MSFT,0000789019
2013-07-01,2014-06-30,1.12,0001193125-16-662209,2016,FY,10-K,2016-07-28,CY2014,CommonStockDividendsPerShareDeclared,USD/shares,MSFT,0000789019
2014-04-01,2014-06-30,0.28,0001193125-14-289961,2014,FY,10-K,2014-07-31,,CommonStockDividendsPerShareDeclared,USD/shares,MSFT,0000789019
2014-04-01,2014-06-30,0.28,0001193125-15-272806,2015,FY,10-K,2015-07-31,,CommonStockDividendsPerShareDeclared,USD/shares,MSFT,0000789019
2014-04-01,2014-06-30,0.28,0001193125-15-353706,2015,FY,8-K,2015-10-27,CY2014Q2,CommonStockDividendsPerShareDeclared,USD/shares,MSFT,0000789019
2014-07-01,2014-09-30,0.31,0001193125-14-380252,2015,Q1,10-Q,2014-10-23,,CommonStockDividendsPerShareDeclared,USD/shares,MSFT,0000789019
2014-07-01,2014-09-30,0.31,0001193125-15-020351,2015,Q2,10-Q,2015-01-26,,CommonStockDividendsPerShareDeclared,USD/shares,MSFT,0000789019
2014-07-01,2014-09-30,0.31,0001193125-15-144151,2015,Q3,10-Q,2015-04-23,,CommonStockDividendsPerShareDeclared,USD/shares,MSFT,0000789019
2014-07-01,2014-09-30,0.31,0001193125-15-272806,2015,FY,10-K,2015-07-31,,CommonStockDividendsPerShareDeclared,USD/shares,MSFT,0000789019
2014-07-01,2014-09-30,0.31,0001193125-15-350718,2016,Q1,10-Q,2015-10-22,,CommonStockDividendsPerShareDeclared,USD/shares,MSFT,0000789019
2014-07-01,2014-09-30,0.31,0001193125-15-353706,2015,FY,8-K,2015-10-27,,CommonStockDividendsPerShareDeclared,USD/shares,MSFT,0000789019
2014-07-01,2014-09-30,0.31,0001193125-16-441821,2016,Q2,10-Q,2016-01-28,,CommonStockDividendsPerShareDeclared,USD/shares,MSFT,0000789019
2014-07-01,2014-09-30,0.31,0001193125-16-550254,2016,Q3,10-Q,2016-04-21,,CommonStockDividendsPerShareDeclared,USD/shares,MSFT,0000789019
2014-07-01,2014-09-30,0.31,0001193125-16-662209,2016,FY,10-K,2016-07-28,CY2014Q3,CommonStockDividendsPerShareDeclared,USD/shares,MSFT,0000789019
2014-07-01,2014-12-31,0.62,0001193125-15-020351,2015,Q2,10-Q,2015-01-26,,CommonStockDividendsPerShareDeclared,USD/shares,MSFT,0000789019
2014-07-01,2014-12-31,0.62,0001193125-16-441821,2016,Q2,10-Q,2016-01-28,,CommonStockDividendsPerShareDeclared,USD/shares,MSFT,0000789019
2014-10-01,2014-12-31,0.31,0001193125-15-020351,2015,Q2,10-Q,2015-01-26,,CommonStockDividendsPerShareDeclared,USD/shares,MSFT,0000789019
2014-10-01,2014-12-31,0.31,0001193125-15-144151,2015,Q3,10-Q,2015-04-23,,CommonStockDividendsPerShareDeclared,USD/shares,MSFT,0000789019
2014-10-01,2014-12-31,0.31,0001193125-15-272806,2015,FY,10-K,2015-07-31,,CommonStockDividendsPerShareDeclared,USD/shares,MSFT,0000789019
2014-10-01,2014-12-31,0.31,0001193125-15-353706,2015,FY,8-K,2015-10-27,,CommonStockDividendsPerShareDeclared,USD/shares,MSFT,0000789019
2014-10-01,2014-12-31,0.31,0001193125-16-441821,2016,Q2,10-Q,2016-01-28,,CommonStockDividendsPerShareDeclared,USD/shares,MSFT,0000789019
2014-10-01,2014-12-31,0.31,0001193125-16-550254,2016,Q3,10-Q,2016-04-21,,CommonStockDividendsPerShareDeclared,USD/shares,MSFT,0000789019
2014-10-01,2014-12-31,0.31,0001193125-16-662209,2016,FY,10-K,2016-07-28,CY2014Q4,CommonStockDividendsPerShareDeclared,USD/shares,MSFT,0000789019
2014-07-01,2015-03-31,0.93,0001193125-15-144151,2015,Q3,10-Q,2015-04-23,,CommonStockDividendsPerShareDeclared,USD/shares,MSFT,0000789019
2014-07-01,2015-03-31,0.93,0001193125-16-550254,2016,Q3,10-Q,2016-04-21,,CommonStockDividendsPerShareDeclared,USD/shares,MSFT,0000789019
2015-01-01,2015-03-31,0.31,0001193125-15-144151,2015,Q3,10-Q,2015-04-23,,CommonStockDividendsPerShareDeclared,USD/shares,MSFT,0000789019
2015-01-01,2015-03-31,0.31,0001193125-15-272806,2015,FY,10-K,2015-07-31,,CommonStockDividendsPerShareDeclared,USD/shares,MSFT,0000789019
2015-01-01,2015-03-31,0.31,0001193125-15-353706,2015,FY,8-K,2015-10-27,,CommonStockDividendsPerShareDeclared,USD/shares,MSFT,0000789019
2015-01-01,2015-03-31,0.31,0001193125-16-550254,2016,Q3,10-Q,2016-04-21,,CommonStockDividendsPerShareDeclared,USD/shares,MSFT,0000789019
2015-01-01,2015-03-31,0.31,0001193125-16-662209,2016,FY,10-K,2016-07-28,CY2015Q1,CommonStockDividendsPerShareDeclared,USD/shares,MSFT,0000789019
2014-07-01,2015-06-30,1.24,0001193125-15-272806,2015,FY,10-K,2015-07-31,,CommonStockDividendsPerShareDeclared,USD/shares,MSFT,0000789019
2014-07-01,2015-06-30,1.24,0001193125-15-353706,2015,FY,8-K,2015-10-27,,CommonStockDividendsPerShareDeclared,USD/shares,MSFT,0000789019
2014-07-01,2015-06-30,1.24,0001193125-16-662209,2016,FY,10-K,2016-07-28,,CommonStockDividendsPerShareDeclared,USD/shares,MSFT,0000789019
2014-07-01,2015-06-30,1.24,0001564590-17-014900,2017,FY,10-K,2017-08-02,CY2015,CommonStockDividendsPerShareDeclared,USD/shares,MSFT,0000789019
2015-04-01,2015-06-30,0.31,0001193125-15-272806,2015,FY,10-K,2015-07-31,,CommonStockDividendsPerShareDeclared,USD/shares,MSFT,0000789019
2015-04-01,2015-06-30,0.31,0001193125-15-353706,2015,FY,8-K,2015-10-27,,CommonStockDividendsPerShareDeclared,USD/shares,MSFT,0000789019
2015-04-01,2015-06-30,0.31,0001193125-16-662209,2016,FY,10-K,2016-07-28,CY2015Q2,CommonStockDividendsPerShareDeclared,USD/shares,MSFT,0000789019
2015-07-01,2015-09-30,0.36,0001193125-15-350718,2016,Q1,10-Q,2015-10-22,,CommonStockDividendsPerShareDeclared,USD/shares,MSFT,0000789019
2015-07-01,2015-09-30,0.36,0001193125-16-441821,2016,Q2,10-Q,2016-01-28,,CommonStockDividendsPerShareDeclared,USD/shares,MSFT,0000789019
2015-07-01,2015-09-30,0.36,0001193125-16-550254,2016,Q3,10-Q,2016-04-21,,CommonStockDividendsPerShareDeclared,USD/shares,MSFT,0000789019
2015-07-01,2015-09-30,0.36,0001193125-16-662209,2016,FY,10-K,2016-07-28,,CommonStockDividendsPerShareDeclared,USD/shares,MSFT,0000789019
2015-07-01,2015-09-30,0.36,0001193125-16-742796,2017,Q1,10-Q,2016-10-20,,CommonStockDividendsPerShareDeclared,USD/shares,MSFT,0000789019
2015-07-01,2015-09-30,0.36,0001564590-17-000654,2017,Q2,10-Q,2017-01-26,,CommonStockDividendsPerShareDeclared,USD/shares,MSFT,0000789019
2015-07-01,2015-09-30,0.36,0001564590-17-007547,2017,Q3,10-Q,2017-04-27,,CommonStockDividendsPerShareDeclared,USD/shares,MSFT,0000789019
2015-07-01,2015-09-30,0.36,0001564590-17-014900,2017,FY,10-K,2017-08-02,CY2015Q3,CommonStockDividendsPerShareDeclared,USD/shares,MSFT,0000789019
2015-07-01,2015-12-31,0.72,0001193125-16-441821,2016,Q2,10-Q,2016-01-28,,CommonStockDividendsPerShareDeclared,USD/shares,MSFT,0000789019
2015-07-01,2015-12-31,0.72,0001564590-17-000654,2017,Q2,10-Q,2017-01-26,,CommonStockDividendsPerShareDeclared,USD/shares,MSFT,0000789019
2015-10-01,2015-12-31,0.36,0001193125-16-441821,2016,Q2,10-Q,2016-01-28,,CommonStockDividendsPerShareDeclared,USD/shares,MSFT,0000789019
2015-10-01,2015-12-31,0.36,0001193125-16-550254,2016,Q3,10-Q,2016-04-21,,CommonStockDividendsPerShareDeclared,USD/shares,MSFT,0000789019
2015-10-01,2015-12-31,0.36,0001193125-16-662209,2016,FY,10-K,2016-07-28,,CommonStockDividendsPerShareDeclared,USD/shares,MSFT,0000789019
2015-10-01,2015-12-31,0.36,0001564590-17-000654,2017,Q2,10-Q,2017-01-26,,CommonStockDividendsPerShareDeclared,USD/shares,MSFT,0000789019
2015-10-01,2015-12-31,0.36,0001564590-17-007547,2017,Q3,10-Q,2017-04-27,,CommonStockDividendsPerShareDeclared,USD/shares,MSFT,0000789019
2015-10-01,2015-12-31,0.36,0001564590-17-014900,2017,FY,10-K,2017-08-02,CY2015Q4,CommonStockDividendsPerShareDeclared,USD/shares,MSFT,0000789019
2015-07-01,2016-03-31,1.08,0001193125-16-550254,2016,Q3,10-Q,2016-04-21,,CommonStockDividendsPerShareDeclared,USD/shares,MSFT,0000789019
2015-07-01,2016-03-31,1.08,0001564590-17-007547,2017,Q3,10-Q,2017-04-27,,CommonStockDividendsPerShareDeclared,USD/shares,MSFT,0000789019
2016-01-01,2016-03-31,0.36,0001193125-16-550254,2016,Q3,10-Q,2016-04-21,,CommonStockDividendsPerShareDeclared,USD/shares,MSFT,0000789019
2016-01-01,2016-03-31,0.36,0001193125-16-662209,2016,FY,10-K,2016-07-28,,CommonStockDividendsPerShareDeclared,USD/shares,MSFT,0000789019
2016-01-01,2016-03-31,0.36,0001564590-17-007547,2017,Q3,10-Q,2017-04-27,,CommonStockDividendsPerShareDeclared,USD/shares,MSFT,0000789019
2016-01-01,2016-03-31,0.36,0001564590-17-014900,2017,FY,10-K,2017-08-02,CY2016Q1,CommonStockDividendsPerShareDeclared,USD/shares,MSFT,0000789019
2015-07-01,2016-06-30,1.44,0001193125-16-662209,2016,FY,10-K,2016-07-28,,CommonStockDividendsPerShareDeclared,USD/shares,MSFT,0000789019
2015-07-01,2016-06-30,1.44,0001564590-17-014900,2017,FY,10-K,2017-08-02,,CommonStockDividendsPerShareDeclared,USD/shares,MSFT,0000789019
2015-07-01,2016-06-30,1.44,0001564590-18-019062,2018,FY,10-K,2018-08-03,CY2016,CommonStockDividendsPerShareDeclared,USD/shares,MSFT,0000789019
2016-04-01,2016-06-30,0.36,0001193125-16-662209,2016,FY,10-K,2016-07-28,,CommonStockDividendsPerShareDeclared,USD/shares,MSFT,0000789019
2016-04-01,2016-06-30,0.36,0001564590-17-014900,2017,FY,10-K,2017-08-02,CY2016Q2,CommonStockDividendsPerShareDeclared,USD/shares,MSFT,0000789019
2016-07-01,2016-09-30,0.39,0001193125-16-742796,2017,Q1,10-Q,2016-10-20,,CommonStockDividendsPerShareDeclared,USD/shares,MSFT,0000789019
2016-07-01,2016-09-30,0.39,0001564590-17-000654,2017,Q2,10-Q,2017-01-26,,CommonStockDividendsPerShareDeclared,USD/shares,MSFT,0000789019
2016-07-01,2016-09-30,0.39,0001564590-17-007547,2017,Q3,10-Q,2017-04-27,,CommonStockDividendsPerShareDeclared,USD/shares,MSFT,0000789019
2016-07-01,2016-09-30,0.39,0001564590-17-014900,2017,FY,10-K,2017-08-02,,CommonStockDividendsPerShareDeclared,USD/shares,MSFT,0000789019
2016-07-01,2016-09-30,0.39,0001564590-17-020171,2018,Q1,10-Q,2017-10-26,,CommonStockDividendsPerShareDeclared,USD/shares,MSFT,0000789019
2016-07-01,2016-09-30,0.39,0001564590-18-001129,2018,Q2,10-Q,2018-01-31,,CommonStockDividendsPerShareDeclared,USD/shares,MSFT,0000789019
2016-07-01,2016-09-30,0.39,0001564590-18-009307,2018,Q3,10-Q,2018-04-26,CY2016Q3,CommonStockDividendsPerShareDeclared,USD/shares,MSFT,0000789019
2016-07-02,2016-09-30,0.39,0001564590-18-019062,2018,FY,10-K,2018-08-03,,CommonStockDividendsPerShareDeclared,USD/shares,MSFT,0000789019
2016-07-01,2016-12-31,0.78,0001564590-17-000654,2017,Q2,10-Q,2017-01-26,,CommonStockDividendsPerShareDeclared,USD/shares,MSFT,0000789019
2016-07-01,2016-12-31,0.78,0001564590-18-001129,2018,Q2,10-Q,2018-01-31,,CommonStockDividendsPerShareDeclared,USD/shares,MSFT,0000789019
2016-10-01,2016-12-31,0.39,0001564590-17-000654,2017,Q2,10-Q,2017-01-26,,CommonStockDividendsPerShareDeclared,USD/shares,MSFT,0000789019
2016-10-01,2016-12-31,0.39,0001564590-17-007547,2017,Q3,10-Q,2017-04-27,,CommonStockDividendsPerShareDeclared,USD/shares,MSFT,0000789019
2016-10-01,2016-12-31,0.39,0001564590-17-014900,2017,FY,10-K,2017-08-02,,CommonStockDividendsPerShareDeclared,USD/shares,MSFT,0000789019
2016-10-01,2016-12-31,0.39,0001564590-18-001129,2018,Q2,10-Q,2018-01-31,,CommonStockDividendsPerShareDeclared,USD/shares,MSFT,0000789019
2016-10-01,2016-12-31,0.39,0001564590-18-009307,2018,Q3,10-Q,2018-04-26,,CommonStockDividendsPerShareDeclared,USD/shares,MSFT,0000789019
2016-10-01,2016-12-31,0.39,0001564590-18-019062,2018,FY,10-K,2018-08-03,CY2016Q4,CommonStockDividendsPerShareDeclared,USD/shares,MSFT,0000789019
2016-07-01,2017-03-31,1.17,0001564590-17-007547,2017,Q3,10-Q,2017-04-27,,CommonStockDividendsPerShareDeclared,USD/shares,MSFT,0000789019
2016-07-01,2017-03-31,1.17,0001564590-18-009307,2018,Q3,10-Q,2018-04-26,,CommonStockDividendsPerShareDeclared,USD/shares,MSFT,0000789019
2017-01-01,2017-03-31,0.39,0001564590-17-007547,2017,Q3,10-Q,2017-04-27,,CommonStockDividendsPerShareDeclared,USD/shares,MSFT,0000789019
2017-01-01,2017-03-31,0.39,0001564590-17-014900,2017,FY,10-K,2017-08-02,,CommonStockDividendsPerShareDeclared,USD/shares,MSFT,0000789019
2017-01-01,2017-03-31,0.39,0001564590-18-009307,2018,Q3,10-Q,2018-04-26,,CommonStockDividendsPerShareDeclared,USD/shares,MSFT,0000789019
2017-01-01,2017-03-31,0.39,0001564590-18-019062,2018,FY,10-K,2018-08-03,CY2017Q1,CommonStockDividendsPerShareDeclared,USD/shares,MSFT,0000789019
2016-07-01,2017-06-30,1.56,0001564590-17-014900,2017,FY,10-K,2017-08-02,,CommonStockDividendsPerShareDeclared,USD/shares,MSFT,0000789019
2016-07-01,2017-06-30,1.56,0001564590-18-019062,2018,FY,10-K,2018-08-03,,CommonStockDividendsPerShareDeclared,USD/shares,MSFT,0000789019
2016-07-01,2017-06-30,1.56,0001564590-19-027952,2019,FY,10-K,2019-08-01,CY2017,CommonStockDividendsPerShareDeclared,USD/shares,MSFT,0000789019
2017-04-01,2017-06-30,0.39,0001564590-17-014900,2017,FY,10-K,2017-08-02,,CommonStockDividendsPerShareDeclared,USD/shares,MSFT,0000789019
2017-04-01,2017-06-30,0.39,0001564590-18-019062,2018,FY,10-K,2018-08-03,CY2017Q2,CommonStockDividendsPerShareDeclared,USD/shares,MSFT,0000789019
2017-07-01,2017-09-30,0.42,0001564590-17-020171,2018,Q1,10-Q,2017-10-26,,CommonStockDividendsPerShareDeclared,USD/shares,MSFT,0000789019
2017-07-01,2017-09-30,0.42,0001564590-18-001129,2018,Q2,10-Q,2018-01-31,,CommonStockDividendsPerShareDeclared,USD/shares,MSFT,0000789019
2017-07-01,2017-09-30,0.42,0001564590-18-009307,2018,Q3,10-Q,2018-04-26,,CommonStockDividendsPerShareDeclared,USD/shares,MSFT,0000789019
2017-07-01,2017-09-30,0.42,0001564590-18-019062,2018,FY,10-K,2018-08-03,,CommonStockDividendsPerShareDeclared,USD/shares,MSFT,0000789019
2017-07-01,2017-09-30,0.42,0001564590-18-024893,2019,Q1,10-Q,2018-10-24,,CommonStockDividendsPerShareDeclared,USD/shares,MSFT,0000789019
2017-07-01,2017-09-30,0.42,0001564590-19-001392,2019,Q2,10-Q,2019-01-30,,CommonStockDividendsPerShareDeclared,USD/shares,MSFT,0000789019
2017-07-01,2017-09-30,0.42,0001564590-19-012709,2019,Q3,10-Q,2019-04-24,,CommonStockDividendsPerShareDeclared,USD/shares,MSFT,0000789019
2017-07-01,2017-09-30,0.42,0001564590-19-027952,2019,FY,10-K,2019-08-01,CY2017Q3,CommonStockDividendsPerShareDeclared,USD/shares,MSFT,0000789019
2017-07-01,2017-12-31,0.84,0001564590-18-001129,2018,Q2,10-Q,2018-01-31,,CommonStockDividendsPerShareDeclared,USD/shares,MSFT,0000789019
2017-07-01,2017-12-31,0.84,0001564590-19-001392,2019,Q2,10-Q,2019-01-30,,CommonStockDividendsPerShareDeclared,USD/shares,MSFT,0000789019
2017-10-01,2017-12-31,0.42,0001564590-18-001129,2018,Q2,10-Q,2018-01-31,,CommonStockDividendsPerShareDeclared,USD/shares,MSFT,0000789019
2017-10-01,2017-12-31,0.42,0001564590-18-009307,2018,Q3,10-Q,2018-04-26,,CommonStockDividendsPerShareDeclared,USD/shares,MSFT,0000789019
2017-10-01,2017-12-31,0.42,0001564590-18-019062,2018,FY,10-K,2018-08-03,,CommonStockDividendsPerShareDeclared,USD/shares,MSFT,0000789019
2017-10-01,2017-12-31,0.42,0001564590-19-001392,2019,Q2,10-Q,2019-01-30,,CommonStockDividendsPerShareDeclared,USD/shares,MSFT,0000789019
2017-10-01,2017-12-31,0.42,0001564590-19-012709,2019,Q3,10-Q,2019-04-24,,CommonStockDividendsPerShareDeclared,USD/shares,MSFT,0000789019
2017-10-01,2017-12-31,0.42,0001564590-19-027952,2019,FY,10-K,2019-08-01,CY2017Q4,CommonStockDividendsPerShareDeclared,USD/shares,MSFT,0000789019
2017-07-01,2018-03-31,1.26,0001564590-18-009307,2018,Q3,10-Q,2018-04-26,,CommonStockDividendsPerShareDeclared,USD/shares,MSFT,0000789019
2017-07-01,2018-03-31,1.26,0001564590-19-012709,2019,Q3,10-Q,2019-04-24,,CommonStockDividendsPerShareDeclared,USD/shares,MSFT,0000789019
2018-01-01,2018-03-31,0.42,0001564590-18-009307,2018,Q3,10-Q,2018-04-26,,CommonStockDividendsPerShareDeclared,USD/shares,MSFT,0000789019
2018-01-01,2018-03-31,0.42,0001564590-18-019062,2018,FY,10-K,2018-08-03,,CommonStockDividendsPerShareDeclared,USD/shares,MSFT,0000789019
2018-01-01,2018-03-31,0.42,0001564590-19-012709,2019,Q3,10-Q,2019-04-24,,CommonStockDividendsPerShareDeclared,USD/shares,MSFT,0000789019
2018-01-01,2018-03-31,0.42,0001564590-19-027952,2019,FY,10-K,2019-08-01,CY2018Q1,CommonStockDividendsPerShareDeclared,USD/shares,MSFT,0000789019
2017-07-01,2018-06-30,1.68,0001564590-18-019062,2018,FY,10-K,2018-08-03,,CommonStockDividendsPerShareDeclared,USD/shares,MSFT,0000789019
2017-07-01,2018-06-30,1.68,0001564590-19-027952,2019,FY,10-K,2019-08-01,,CommonStockDividendsPerShareDeclared,USD/shares,MSFT,0000789019
2017-07-01,2018-06-30,1.68,0001564590-20-034944,2020,FY,10-K,2020-07-31,CY2018,CommonStockDividendsPerShareDeclared,USD/shares,MSFT,0000789019
2018-04-01,2018-06-30,0.42,0001564590-18-019062,2018,FY,10-K,2018-08-03,,CommonStockDividendsPerShareDeclared,USD/shares,MSFT,0000789019
2018-04-01,2018-06-30,0.42,0001564590-19-027952,2019,FY,10-K,2019-08-01,CY2018Q2,CommonStockDividendsPerShareDeclared,USD/shares,MSFT,0000789019
2018-07-01,2018-09-30,0.46,0001564590-18-024893,2019,Q1,10-Q,2018-10-24,,CommonStockDividendsPerShareDeclared,USD/shares,MSFT,0000789019
2018-07-01,2018-09-30,0.46,0001564590-19-001392,2019,Q2,10-Q,2019-01-30,,CommonStockDividendsPerShareDeclared,USD/shares,MSFT,0000789019
2018-07-01,2018-09-30,0.46,0001564590-19-012709,2019,Q3,10-Q,2019-04-24,,CommonStockDividendsPerShareDeclared,USD/shares,MSFT,0000789019
2018-07-01,2018-09-30,0.46,0001564590-19-027952,2019,FY,10-K,2019-08-01,,CommonStockDividendsPerShareDeclared,USD/shares,MSFT,0000789019
2018-07-01,2018-09-30,0.46,0001564590-19-037549,2020,Q1,10-Q,2019-10-23,,CommonStockDividendsPerShareDeclared,USD/shares,MSFT,0000789019
2018-07-01,2018-09-30,0.46,0001564590-20-002450,2020,Q2,10-Q,2020-01-29,,CommonStockDividendsPerShareDeclared,USD/shares,MSFT,0000789019
2018-07-01,2018-09-30,0.46,0001564590-20-019706,2020,Q3,10-Q,2020-04-29,,CommonStockDividendsPerShareDeclared,USD/shares,MSFT,0000789019
2018-07-01,2018-09-30,0.46,0001564590-20-034944,2020,FY,10-K,2020-07-31,CY2018Q3,CommonStockDividendsPerShareDeclared,USD/shares,MSFT,0000789019
2018-07-01,2018-12-31,0.92,0001564590-19-001392,2019,Q2,10-Q,2019-01-30,,CommonStockDividendsPerShareDeclared,USD/shares,MSFT,0000789019
2018-07-01,2018-12-31,0.92,0001564590-20-002450,2020,Q2,10-Q,2020-01-29,,CommonStockDividendsPerShareDeclared,USD/shares,MSFT,0000789019
2018-10-01,2018-12-31,0.46,0001564590-19-001392,2019,Q2,10-Q,2019-01-30,,CommonStockDividendsPerShareDeclared,USD/shares,MSFT,0000789019
2018-10-01,2018-12-31,0.46,0001564590-19-012709,2019,Q3,10-Q,2019-04-24,,CommonStockDividendsPerShareDeclared,USD/shares,MSFT,0000789019
2018-10-01,2018-12-31,0.46,0001564590-19-027952,2019,FY,10-K,2019-08-01,,CommonStockDividendsPerShareDeclared,USD/shares,MSFT,0000789019
2018-10-01,2018-12-31,0.46,0001564590-20-002450,2020,Q2,10-Q,2020-01-29,,CommonStockDividendsPerShareDeclared,USD/shares,MSFT,0000789019
2018-10-01,2018-12-31,0.46,0001564590-20-019706,2020,Q3,10-Q,2020-04-29,,CommonStockDividendsPerShareDeclared,USD/shares,MSFT,0000789019
2018-10-01,2018-12-31,0.46,0001564590-20-034944,2020,FY,10-K,2020-07-31,CY2018Q4,CommonStockDividendsPerShareDeclared,USD/shares,MSFT,0000789019
2018-07-01,2019-03-31,1.38,0001564590-19-012709,2019,Q3,10-Q,2019-04-24,,CommonStockDividendsPerShareDeclared,USD/shares,MSFT,0000789019
2018-07-01,2019-03-31,1.38,0001564590-20-019706,2020,Q3,10-Q,2020-04-29,,CommonStockDividendsPerShareDeclared,USD/shares,MSFT,0000789019
2019-01-01,2019-03-31,0.46,0001564590-19-012709,2019,Q3,10-Q,2019-04-24,,CommonStockDividendsPerShareDeclared,USD/shares,MSFT,0000789019
2019-01-01,2019-03-31,0.46,0001564590-19-027952,2019,FY,10-K,2019-08-01,,CommonStockDividendsPerShareDeclared,USD/shares,MSFT,0000789019
2019-01-01,2019-03-31,0.46,0001564590-20-019706,2020,Q3,10-Q,2020-04-29,,CommonStockDividendsPerShareDeclared,USD/shares,MSFT,0000789019
2019-01-01,2019-03-31,0.46,0001564590-20-034944,2020,FY,10-K,2020-07-31,CY2019Q1,CommonStockDividendsPerShareDeclared,USD/shares,MSFT,0000789019
2018-07-01,2019-06-30,1.84,0001564590-19-027952,2019,FY,10-K,2019-08-01,,CommonStockDividendsPerShareDeclared,USD/shares,MSFT,0000789019
2018-07-01,2019-06-30,1.84,0001564590-20-034944,2020,FY,10-K,2020-07-31,,CommonStockDividendsPerShareDeclared,USD/shares,MSFT,0000789019
2018-07-01,2019-06-30,1.84,0001564590-21-039151,2021,FY,10-K,2021-07-29,CY2019,CommonStockDividendsPerShareDeclared,USD/shares,MSFT,0000789019
2019-04-01,2019-06-30,0.46,0001564590-19-027952,2019,FY,10-K,2019-08-01,,CommonStockDividendsPerShareDeclared,USD/shares,MSFT,0000789019
2019-04-01,2019-06-30,0.46,0001564590-20-034944,2020,FY,10-K,2020-07-31,CY2019Q2,CommonStockDividendsPerShareDeclared,USD/shares,MSFT,0000789019
2019-07-01,2019-09-30,0.51,0001564590-19-037549,2020,Q1,10-Q,2019-10-23,,CommonStockDividendsPerShareDeclared,USD/shares,MSFT,0000789019
2019-07-01,2019-09-30,0.51,0001564590-20-002450,2020,Q2,10-Q,2020-01-29,,CommonStockDividendsPerShareDeclared,USD/shares,MSFT,0000789019
2019-07-01,2019-09-30,0.51,0001564590-20-019706,2020,Q3,10-Q,2020-04-29,,CommonStockDividendsPerShareDeclared,USD/shares,MSFT,0000789019
2019-07-01,2019-09-30,0.51,0001564590-20-034944,2020,FY,10-K,2020-07-31,,CommonStockDividendsPerShareDeclared,USD/shares,MSFT,0000789019
2019-07-01,2019-09-30,0.51,0001564590-20-047996,2021,Q1,10-Q,2020-10-27,,CommonStockDividendsPerShareDeclared,USD/shares,MSFT,0000789019
2019-07-01,2019-09-30,0.51,0001564590-21-002316,2021,Q2,10-Q,2021-01-26,,CommonStockDividendsPerShareDeclared,USD/shares,MSFT,0000789019
2019-07-01,2019-09-30,0.51,0001564590-21-020891,2021,Q3,10-Q,2021-04-27,,CommonStockDividendsPerShareDeclared,USD/shares,MSFT,0000789019
2019-07-01,2019-09-30,0.51,0001564590-21-039151,2021,FY,10-K,2021-07-29,CY2019Q3,CommonStockDividendsPerShareDeclared,USD/shares,MSFT,0000789019
2019-07-01,2019-12-31,1.02,0001564590-20-002450,2020,Q2,10-Q,2020-01-29,,CommonStockDividendsPerShareDeclared,USD/shares,MSFT,0000789019
2019-07-01,2019-12-31,1.02,0001564590-21-002316,2021,Q2,10-Q,2021-01-26,,CommonStockDividendsPerShareDeclared,USD/shares,MSFT,0000789019
2019-10-01,2019-12-31,0.51,0001564590-20-002450,2020,Q2,10-Q,2020-01-29,,CommonStockDividendsPerShareDeclared,USD/shares,MSFT,0000789019
2019-10-01,2019-12-31,0.51,0001564590-20-019706,2020,Q3,10-Q,2020-04-29,,CommonStockDividendsPerShareDeclared,USD/shares,MSFT,0000789019
2019-10-01,2019-12-31,0.51,0001564590-20-034944,2020,FY,10-K,2020-07-31,,CommonStockDividendsPerShareDeclared,USD/shares,MSFT,0000789019
2019-10-01,2019-12-31,0.51,0001564590-21-002316,2021,Q2,10-Q,2021-01-26,,CommonStockDividendsPerShareDeclared,USD/shares,MSFT,0000789019
2019-10-01,2019-12-31,0.51,0001564590-21-020891,2021,Q3,10-Q,2021-04-27,,CommonStockDividendsPerShareDeclared,USD/shares,MSFT,0000789019
2019-10-01,2019-12-31,0.51,0001564590-21-039151,2021,FY,10-K,2021-07-29,CY2019Q4,CommonStockDividendsPerShareDeclared,USD/shares,MSFT,0000789019
2019-07-01,2020-03-31,1.53,0001564590-20-019706,2020,Q3,10-Q,2020-04-29,,CommonStockDividendsPerShareDeclared,USD/shares,MSFT,0000789019
2019-07-01,2020-03-31,1.53,0001564590-21-020891,2021,Q3,10-Q,2021-04-27,,CommonStockDividendsPerShareDeclared,USD/shares,MSFT,0000789019
2020-01-01,2020-03-31,0.51,0001564590-20-019706,2020,Q3,10-Q,2020-04-29,,CommonStockDividendsPerShareDeclared,USD/shares,MSFT,0000789019
2020-01-01,2020-03-31,0.51,0001564590-20-034944,2020,FY,10-K,2020-07-31,,CommonStockDividendsPerShareDeclared,USD/shares,MSFT,0000789019
2020-01-01,2020-03-31,0.51,0001564590-21-020891,2021,Q3,10-Q,2021-04-27,,CommonStockDividendsPerShareDeclared,USD/shares,MSFT,0000789019
2020-01-01,2020-03-31,0.51,0001564590-21-039151,2021,FY,10-K,2021-07-29,CY2020Q1,CommonStockDividendsPerShareDeclared,USD/shares,MSFT,0000789019
2019-07-01,2020-06-30,2.04,0001564590-20-034944,2020,FY,10-K,2020-07-31,,CommonStockDividendsPerShareDeclared,USD/shares,MSFT,0000789019
2019-07-01,2020-06-30,2.04,0001564590-21-039151,2021,FY,10-K,2021-07-29,,CommonStockDividendsPerShareDeclared,USD/shares,MSFT,0000789019
2019-07-01,2020-06-30,2.04,0001564590-22-026876,2022,FY,10-K,2022-07-28,CY2020,CommonStockDividendsPerShareDeclared,USD/shares,MSFT,0000789019
2020-04-01,2020-06-30,0.51,0001564590-20-034944,2020,FY,10-K,2020-07-31,,CommonStockDividendsPerShareDeclared,USD/shares,MSFT,0000789019
2020-04-01,2020-06-30,0.51,0001564590-21-039151,2021,FY,10-K,2021-07-29,CY2020Q2,CommonStockDividendsPerShareDeclared,USD/shares,MSFT,0000789019
2020-07-01,2020-09-30,0.56,0001564590-20-047996,2021,Q1,10-Q,2020-10-27,,CommonStockDividendsPerShareDeclared,USD/shares,MSFT,0000789019
2020-07-01,2020-09-30,0.56,0001564590-21-002316,2021,Q2,10-Q,2021-01-26,,CommonStockDividendsPerShareDeclared,USD/shares,MSFT,0000789019
2020-07-01,2020-09-30,0.56,0001564590-21-020891,2021,Q3,10-Q,2021-04-27,,CommonStockDividendsPerShareDeclared,USD/shares,MSFT,0000789019
2020-07-01,2020-09-30,0.56,0001564590-21-039151,2021,FY,10-K,2021-07-29,,CommonStockDividendsPerShareDeclared,USD/shares,MSFT,0000789019
2020-07-01,2020-09-30,0.56,0001564590-21-051992,2022,Q1,10-Q,2021-10-26,,CommonStockDividendsPerShareDeclared,USD/shares,MSFT,0000789019
2020-07-01,2020-09-30,0.56,0001564590-22-002324,2022,Q2,10-Q,2022-01-25,,CommonStockDividendsPerShareDeclared,USD/shares,MSFT,0000789019
2020-07-01,2020-09-30,0.56,0001564590-22-015675,2022,Q3,10-Q,2022-04-26,,CommonStockDividendsPerShareDeclared,USD/shares,MSFT,0000789019
2020-07-01,2020-09-30,0.56,0001564590-22-026876,2022,FY,10-K,2022-07-28,CY2020Q3,CommonStockDividendsPerShareDeclared,USD/shares,MSFT,0000789019
2020-07-01,2020-12-31,1.12,0001564590-21-002316,2021,Q2,10-Q,2021-01-26,,CommonStockDividendsPerShareDeclared,USD/shares,MSFT,0000789019
2020-07-01,2020-12-31,1.12,0001564590-22-002324,2022,Q2,10-Q,2022-01-25,,CommonStockDividendsPerShareDeclared,USD/shares,MSFT,0000789019
2020-10-01,2020-12-31,0.56,0001564590-21-002316,2021,Q2,10-Q,2021-01-26,,CommonStockDividendsPerShareDeclared,USD/shares,MSFT,0000789019
2020-10-01,2020-12-31,0.56,0001564590-21-020891,2021,Q3,10-Q,2021-04-27,,CommonStockDividendsPerShareDeclared,USD/shares,MSFT,0000789019
2020-10-01,2020-12-31,0.56,0001564590-21-039151,2021,FY,10-K,2021-07-29,,CommonStockDividendsPerShareDeclared,USD/shares,MSFT,0000789019
2020-10-01,2020-12-31,0.56,0001564590-22-002324,2022,Q2,10-Q,2022-01-25,,CommonStockDividendsPerShareDeclared,USD/shares,MSFT,0000789019
2020-10-01,2020-12-31,0.56,0001564590-22-015675,2022,Q3,10-Q,2022-04-26,,CommonStockDividendsPerShareDeclared,USD/shares,MSFT,0000789019
2020-10-01,2020-12-31,0.56,0001564590-22-026876,2022,FY,10-K,2022-07-28,CY2020Q4,CommonStockDividendsPerShareDeclared,USD/shares,MSFT,0000789019
2020-07-01,2021-03-31,1.68,0001564590-21-020891,2021,Q3,10-Q,2021-04-27,,CommonStockDividendsPerShareDeclared,USD/shares,MSFT,0000789019
2020-07-01,2021-03-31,1.68,0001564590-22-015675,2022,Q3,10-Q,2022-04-26,,CommonStockDividendsPerShareDeclared,USD/shares,MSFT,0000789019
2021-01-01,2021-03-31,0.56,0001564590-21-020891,2021,Q3,10-Q,2021-04-27,,CommonStockDividendsPerShareDeclared,USD/shares,MSFT,0000789019
2021-01-01,2021-03-31,0.56,0001564590-21-039151,2021,FY,10-K,2021-07-29,,CommonStockDividendsPerShareDeclared,USD/shares,MSFT,0000789019
2021-01-01,2021-03-31,0.56,0001564590-22-015675,2022,Q3,10-Q,2022-04-26,,CommonStockDividendsPerShareDeclared,USD/shares,MSFT,0000789019
2021-01-01,2021-03-31,0.56,0001564590-22-026876,2022,FY,10-K,2022-07-28,CY2021Q1,CommonStockDividendsPerShareDeclared,USD/shares,MSFT,0000789019
2020-07-01,2021-06-30,2.24,0001564590-21-039151,2021,FY,10-K,2021-07-29,,CommonStockDividendsPerShareDeclared,USD/shares,MSFT,0000789019
2020-07-01,2021-06-30,2.24,0001564590-22-026876,2022,FY,10-K,2022-07-28,,CommonStockDividendsPerShareDeclared,USD/shares,MSFT,0000789019
2020-07-01,2021-06-30,2.24,0000950170-23-035122,2023,FY,10-K,2023-07-27,CY2021,CommonStockDividendsPerShareDeclared,USD/shares,MSFT,0000789019
2021-04-01,2021-06-30,0.56,0001564590-21-039151,2021,FY,10-K,2021-07-29,,CommonStockDividendsPerShareDeclared,USD/shares,MSFT,0000789019
2021-04-01,2021-06-30,0.56,0001564590-22-026876,2022,FY,10-K,2022-07-28,CY2021Q2,CommonStockDividendsPerShareDeclared,USD/shares,MSFT,0000789019
2021-07-01,2021-09-30,0.62,0001564590-21-051992,2022,Q1,10-Q,2021-10-26,,CommonStockDividendsPerShareDeclared,USD/shares,MSFT,0000789019
2021-07-01,2021-09-30,0.62,0001564590-22-002324,2022,Q2,10-Q,2022-01-25,,CommonStockDividendsPerShareDeclared,USD/shares,MSFT,0000789019
2021-07-01,2021-09-30,0.62,0001564590-22-015675,2022,Q3,10-Q,2022-04-26,,CommonStockDividendsPerShareDeclared,USD/shares,MSFT,0000789019
2021-07-01,2021-09-30,0.62,0001564590-22-026876,2022,FY,10-K,2022-07-28,,CommonStockDividendsPerShareDeclared,USD/shares,MSFT,0000789019
2021-07-01,2021-09-30,0.62,0001564590-22-035087,2023,Q1,10-Q,2022-10-25,,CommonStockDividendsPerShareDeclared,USD/shares,MSFT,0000789019
2021-07-01,2021-09-30,0.62,0001564590-23-000733,2023,Q2,10-Q,2023-01-24,,CommonStockDividendsPerShareDeclared,USD/shares,MSFT,0000789019
2021-07-01,2021-09-30,0.62,0000950170-23-014423,2023,Q3,10-Q,2023-04-25,,CommonStockDividendsPerShareDeclared,USD/shares,MSFT,0000789019
2021-07-01,2021-09-30,0.62,0000950170-23-035122,2023,FY,10-K,2023-07-27,CY2021Q3,CommonStockDividendsPerShareDeclared,USD/shares,MSFT,0000789019
2021-07-01,2021-12-31,1.24,0001564590-22-002324,2022,Q2,10-Q,2022-01-25,,CommonStockDividendsPerShareDeclared,USD/shares,MSFT,0000789019
2021-07-01,2021-12-31,1.24,0001564590-23-000733,2023,Q2,10-Q,2023-01-24,,CommonStockDividendsPerShareDeclared,USD/shares,MSFT,0000789019
2021-10-01,2021-12-31,0.62,0001564590-22-002324,2022,Q2,10-Q,2022-01-25,,CommonStockDividendsPerShareDeclared,USD/shares,MSFT,0000789019
2021-10-01,2021-12-31,0.62,0001564590-22-015675,2022,Q3,10-Q,2022-04-26,,CommonStockDividendsPerShareDeclared,USD/shares,MSFT,0000789019
2021-10-01,2021-12-31,0.62,0001564590-22-026876,2022,FY,10-K,2022-07-28,,CommonStockDividendsPerShareDeclared,USD/shares,MSFT,0000789019
2021-10-01,2021-12-31,0.62,0001564590-23-000733,2023,Q2,10-Q,2023-01-24,,CommonStockDividendsPerShareDeclared,USD/shares,MSFT,0000789019
2021-10-01,2021-12-31,0.62,0000950170-23-014423,2023,Q3,10-Q,2023-04-25,,CommonStockDividendsPerShareDeclared,USD/shares,MSFT,0000789019
2021-10-01,2021-12-31,0.62,0000950170-23-035122,2023,FY,10-K,2023-07-27,CY2021Q4,CommonStockDividendsPerShareDeclared,USD/shares,MSFT,0000789019
2021-07-01,2022-03-31,1.86,0001564590-22-015675,2022,Q3,10-Q,2022-04-26,,CommonStockDividendsPerShareDeclared,USD/shares,MSFT,0000789019
2021-07-01,2022-03-31,1.86,0000950170-23-014423,2023,Q3,10-Q,2023-04-25,,CommonStockDividendsPerShareDeclared,USD/shares,MSFT,0000789019
2022-01-01,2022-03-31,0.62,0001564590-22-015675,2022,Q3,10-Q,2022-04-26,,CommonStockDividendsPerShareDeclared,USD/shares,MSFT,0000789019
2022-01-01,2022-03-31,0.62,0001564590-22-026876,2022,FY,10-K,2022-07-28,,CommonStockDividendsPerShareDeclared,USD/shares,MSFT,0000789019
2022-01-01,2022-03-31,0.62,0000950170-23-014423,2023,Q3,10-Q,2023-04-25,,CommonStockDividendsPerShareDeclared,USD/shares,MSFT,0000789019
2022-01-01,2022-03-31,0.62,0000950170-23-035122,2023,FY,10-K,2023-07-27,CY2022Q1,CommonStockDividendsPerShareDeclared,USD/shares,MSFT,0000789019
2021-07-01,2022-06-30,2.48,0001564590-22-026876,2022,FY,10-K,2022-07-28,,CommonStockDividendsPerShareDeclared,USD/shares,MSFT,0000789019
2021-07-01,2022-06-30,2.48,0000950170-23-035122,2023,FY,10-K,2023-07-27,CY2022,CommonStockDividendsPerShareDeclared,USD/shares,MSFT,0000789019
2022-04-01,2022-06-30,0.62,0001564590-22-026876,2022,FY,10-K,2022-07-28,,CommonStockDividendsPerShareDeclared,USD/shares,MSFT,0000789019
2022-04-01,2022-06-30,0.62,0000950170-23-035122,2023,FY,10-K,2023-07-27,CY2022Q2,CommonStockDividendsPerShareDeclared,USD/shares,MSFT,0000789019
2022-07-01,2022-09-30,0.68,0001564590-22-035087,2023,Q1,10-Q,2022-10-25,,CommonStockDividendsPerShareDeclared,USD/shares,MSFT,0000789019
2022-07-01,2022-09-30,0.68,0001564590-23-000733,2023,Q2,10-Q,2023-01-24,,CommonStockDividendsPerShareDeclared,USD/shares,MSFT,0000789019
2022-07-01,2022-09-30,0.68,0000950170-23-014423,2023,Q3,10-Q,2023-04-25,,CommonStockDividendsPerShareDeclared,USD/shares,MSFT,0000789019
2022-07-01,2022-09-30,0.68,0000950170-23-035122,2023,FY,10-K,2023-07-27,,CommonStockDividendsPerShareDeclared,USD/shares,MSFT,0000789019
2022-07-01,2022-09-30,0.68,0000950170-23-054855,2024,Q1,10-Q,2023-10-24,,CommonStockDividendsPerShareDeclared,USD/shares,MSFT,0000789019
2022-07-01,2022-09-30,0.68,0000950170-24-008814,2024,Q2,10-Q,2024-01-30,CY2022Q3,CommonStockDividendsPerShareDeclared,USD/shares,MSFT,0000789019
2022-07-01,2022-12-31,1.36,0001564590-23-000733,2023,Q2,10-Q,2023-01-24,,CommonStockDividendsPerShareDeclared,USD/shares,MSFT,0000789019
2022-07-01,2022-12-31,1.36,0000950170-24-008814,2024,Q2,10-Q,2024-01-30,,CommonStockDividendsPerShareDeclared,USD/shares,MSFT,0000789019
2022-10-01,2022-12-31,0.68,0001564590-23-000733,2023,Q2,10-Q,2023-01-24,,CommonStockDividendsPerShareDeclared,USD/shares,MSFT,0000789019
2022-10-01,2022-12-31,0.68,0000950170-23-014423,2023,Q3,10-Q,2023-04-25,,CommonStockDividendsPerShareDeclared,USD/shares,MSFT,0000789019
2022-10-01,2022-12-31,0.68,0000950170-23-035122,2023,FY,10-K,2023-07-27,,CommonStockDividendsPerShareDeclared,USD/shares,MSFT,0000789019
2022-10-01,2022-12-31,0.68,0000950170-24-008814,2024,Q2,10-Q,2024-01-30,CY2022Q4,CommonStockDividendsPerShareDeclared,USD/shares,MSFT,0000789019
2022-07-01,2023-03-31,2.04,0000950170-23-014423,2023,Q3,10-Q,2023-04-25,,CommonStockDividendsPerShareDeclared,USD/shares,MSFT,0000789019
2023-01-01,2023-03-31,0.68,0000950170-23-014423,2023,Q3,10-Q,2023-04-25,,CommonStockDividendsPerShareDeclared,USD/shares,MSFT,0000789019
2023-01-01,2023-03-31,0.68,0000950170-23-035122,2023,FY,10-K,2023-07-27,CY2023Q1,CommonStockDividendsPerShareDeclared,USD/shares,MSFT,0000789019
2022-07-01,2023-06-30,2.72,0000950170-23-035122,2023,FY,10-K,2023-07-27,CY2023,CommonStockDividendsPerShareDeclared,USD/shares,MSFT,0000789019
2023-04-01,2023-06-30,0.68,0000950170-23-035122,2023,FY,10-K,2023-07-27,CY2023Q2,CommonStockDividendsPerShareDeclared,USD/shares,MSFT,0000789019
2023-07-01,2023-09-30,0.75,0000950170-23-054855,2024,Q1,10-Q,2023-10-24,,CommonStockDividendsPerShareDeclared,USD/shares,MSFT,0000789019
2023-07-01,2023-09-30,0.75,0000950170-24-008814,2024,Q2,10-Q,2024-01-30,CY2023Q3,CommonStockDividendsPerShareDeclared,USD/shares,MSFT,0000789019
2023-07-01,2023-12-31,1.5,0000950170-24-008814,2024,Q2,10-Q,2024-01-30,,CommonStockDividendsPerShareDeclared,USD/shares,MSFT,0000789019
2023-10-01,2023-12-31,0.75,0000950170-24-008814,2024,Q2,10-Q,2024-01-30,CY2023Q4,CommonStockDividendsPerShareDeclared,USD/shares,MSFT,0000789019
